Truck ID;Truck size;Hired;Date;Time;Latitude;Longitude;Payload;Route ID;Includes JIT;Loaded time;Free time;Loaded hours;Free hours;City
22;20;false;2023-04-16;10:00;37.805813;-121.295187;;22;false;;2:11;;2.19;#Lathrop
22;20;false;2023-04-16;12:11;36.8352827;-121.521856;PU7101;22;false;2:11;;2.19;;San Juan Bautista
22;20;false;2023-04-16;14:22;37.805813;-121.295187;;22;false;;;;;#Lathrop
22;20;false;2023-04-16;14:22;37.805813;-121.295187;;23;false;;2:32;;2.54;#Lathrop
22;20;false;2023-04-16;16:55;38.9506462;-121.2465182;PU8136;23;false;2:32;;2.54;;Lincoln
22;20;false;2023-04-16;19:28;37.805813;-121.295187;;23;false;;;;;#Lathrop
23;20;false;2023-04-16;10:00;37.805813;-121.295187;;24;false;;4:22;;4.37;#Lathrop
23;20;false;2023-04-16;14:22;36.3310316;-119.6651384;PU7067;24;false;4:22;;4.37;;Hanford
23;20;false;2023-04-16;18:44;37.805813;-121.295187;;24;false;;;;;#Lathrop
26;40;false;2023-04-16;10:00;37.805813;-121.295187;;27;false;;1:52;;1.87;#Lathrop
26;40;false;2023-04-16;11:52;38.6364729;-121.5038244;PU7692;27;false;1:52;;1.87;;Sacramento
26;40;false;2023-04-16;13:45;37.805813;-121.295187;;27;false;;;;;#Lathrop
26;40;false;2023-04-16;13:45;37.805813;-121.295187;;28;false;;1:46;;1.77;#Lathrop
26;40;false;2023-04-16;15:31;37.3181196;-120.5018038;PU7932;28;false;1:46;;1.77;;Merced
26;40;false;2023-04-16;17:18;37.805813;-121.295187;;28;false;;;;;#Lathrop
26;40;false;2023-04-16;17:18;37.805813;-121.295187;;29;false;;1:48;;1.81;#Lathrop
26;40;false;2023-04-16;19:06;37.0206215;-121.5737915;PU8627;29;false;1:48;;1.81;;Gilroy
26;40;false;2023-04-16;20:55;37.805813;-121.295187;;29;false;;;;;#Lathrop
30;40;false;2023-04-16;10:00;37.824687;-122.301563;PU7705;33;true;0:49;;0.81;;#Oakland
30;40;false;2023-04-16;10:49;37.5549521;-121.9852559;;33;false;;0:04;;0.07;Fremont
30;40;false;2023-04-16;10:53;37.5841117;-122.0098864;PU8465;33;false;0:44;;0.74;;Union City
30;40;false;2023-04-16;11:38;37.824687;-122.301563;;33;false;;;;;#Oakland
32;40;false;2023-04-16;10:00;37.805813;-121.295187;;35;false;;3:23;;3.39;#Lathrop
32;40;false;2023-04-16;13:23;36.8069152;-119.8437914;PU9407;35;false;4:54;;4.90;;Fresno
32;40;false;2023-04-16;18:18;37.824687;-122.301563;;35;false;;1:46;;1.77;#Oakland
32;40;false;2023-04-16;20:04;37.805813;-121.295187;;35;false;;;;;#Lathrop
33;10;false;2023-04-16;10:00;37.805813;-121.295187;;36;false;;3:08;;3.14;#Lathrop
33;10;false;2023-04-16;13:08;39.1933958;-120.9448523;PU9454;36;false;3:08;;3.14;;Grass Valley
33;10;false;2023-04-16;16:16;37.805813;-121.295187;;36;false;;;;;#Lathrop
33;10;false;2023-04-16;16:16;37.805813;-121.295187;;37;false;;1:52;;1.87;#Lathrop
33;10;false;2023-04-16;18:09;38.6364729;-121.5038244;PU7809;37;false;1:52;;1.87;;Sacramento
33;10;false;2023-04-16;20:02;37.805813;-121.295187;;37;false;;;;;#Lathrop
34;20;false;2023-04-16;10:00;37.824687;-122.301563;PU8037;38;true;2:17;;2.28;;#Oakland
34;20;false;2023-04-16;12:17;38.60232920000001;-121.4437813;;38;false;;1:47;;1.78;Sacramento
34;20;false;2023-04-16;14:04;37.805813;-121.295187;PU8774;38;true;1:46;;1.77;;#Lathrop
34;20;false;2023-04-16;15:50;37.824687;-122.301563;PU8774;38;true;;;;;#Oakland
34;20;false;2023-04-17;10:00;37.824687;-122.301563;PU8774;38;true;3:20;;3.34;;#Oakland
34;20;false;2023-04-17;13:20;39.1501709;-123.2077831;;38;false;;3:20;;3.34;Ukiah
34;20;false;2023-04-17;16:40;37.824687;-122.301563;;38;false;;;;;#Oakland
34;20;false;2023-04-17;16:40;37.824687;-122.301563;PU7555;39;true;2:08;;2.13;;#Oakland
34;20;false;2023-04-17;18:48;38.499367;-121.4343686;;39;false;;2:08;;2.13;Sacramento
34;20;false;2023-04-17;20:56;37.824687;-122.301563;;39;false;;;;;#Oakland
34;20;false;2023-04-18;10:00;37.824687;-122.301563;PU7255;40;true;3:48;;3.80;;#Oakland
34;20;false;2023-04-18;13:48;39.2452265;-123.5215868;;40;false;;3:48;;3.80;Comptche
34;20;false;2023-04-18;17:36;37.824687;-122.301563;;40;false;;;;;#Oakland
34;20;false;2023-04-18;17:36;37.824687;-122.301563;PU9616;41;true;1:09;;1.15;;#Oakland
34;20;false;2023-04-18;18:45;37.3956428;-121.9316754;;41;false;;0:13;;0.22;San Jose
34;20;false;2023-04-18;18:59;37.2978077;-121.9093975;PU9087;41;false;1:21;;1.35;;San Jose
34;20;false;2023-04-18;20:20;37.824687;-122.301563;;41;false;;;;;#Oakland
36;10;false;2023-04-16;10:00;37.824687;-122.301563;PU8748;43;true;0:14;;0.23;;#Oakland
36;10;false;2023-04-16;10:14;37.7484349;-122.2075939;;43;false;;;;;Oakland
36;10;false;2023-04-16;10:14;37.7484349;-122.2075939;PU8092;43;false;0:14;;0.23;;Oakland
36;10;false;2023-04-16;10:28;37.824687;-122.301563;;43;false;;;;;#Oakland
37;20;false;2023-04-16;10:00;37.805813;-121.295187;PU7513;44;true;0:32;;0.53;;#Lathrop
37;20;false;2023-04-16;10:32;37.6728373;-121.0398897;;44;false;;2:29;;2.48;Modesto
37;20;false;2023-04-16;13:01;36.6563956;-121.6285158;PU8411;44;false;2:37;;2.61;;Salinas
37;20;false;2023-04-16;15:38;37.805813;-121.295187;;44;false;;;;;#Lathrop
37;20;false;2023-04-16;15:38;37.805813;-121.295187;;45;false;;1:49;;1.82;#Lathrop
37;20;false;2023-04-16;17:28;37.0539633;-120.878782;PU7559;45;false;1:49;;1.82;;Los Banos
37;20;false;2023-04-16;19:17;37.805813;-121.295187;;45;false;;;;;#Lathrop
39;40;false;2023-04-16;10:00;37.824687;-122.301563;PU8950;47;true;0:14;;0.23;;#Oakland
39;40;false;2023-04-16;10:14;37.7484349;-122.2075939;;47;false;;0:55;;0.92;Oakland
39;40;false;2023-04-16;11:09;37.3576347;-122.0206675;PU7221;47;false;1:08;;1.14;;Sunnyvale
39;40;false;2023-04-16;12:18;37.824687;-122.301563;;47;false;;;;;#Oakland
40;10;false;2023-04-16;10:00;37.824687;-122.301563;PU7048;48;true;0:47;;0.78;;#Oakland
40;10;false;2023-04-16;10:47;37.7037894;-121.8824192;;48;false;;0:39;;0.66;Dublin
40;10;false;2023-04-16;11:27;37.964233;-121.6963489;PU8888;48;false;0:47;;0.78;;Brentwood
40;10;false;2023-04-16;12:14;37.805813;-121.295187;;48;false;;2:05;;2.09;#Lathrop
40;10;false;2023-04-16;14:20;38.7448165;-121.1709718;PU8002;48;false;2:05;;2.09;;Granite Bay
40;10;false;2023-04-16;16:25;37.805813;-121.295187;;48;false;;0:46;;0.77;#Lathrop
40;10;false;2023-04-16;17:12;37.9563243;-121.6898399;PU7918;48;false;0:46;;0.77;;Brentwood
40;10;false;2023-04-16;17:58;37.805813;-121.295187;;48;false;;1:46;;1.77;#Lathrop
40;10;false;2023-04-16;19:44;37.824687;-122.301563;;48;false;;;;;#Oakland
43;10;false;2023-04-16;10:00;37.824687;-122.301563;PU9698;51;true;0:16;;0.27;;#Oakland
43;10;false;2023-04-16;10:16;37.78627360000001;-122.4523413;;51;false;;0:03;;0.05;San Francisco
43;10;false;2023-04-16;10:20;37.8067224;-122.4313474;PU7994;51;false;0:13;;0.23;;San Francisco
43;10;false;2023-04-16;10:34;37.824687;-122.301563;;51;false;;;;;#Oakland
44;40;false;2023-04-16;10:00;37.805813;-121.295187;PU9825;52;true;2:10;;2.16;;#Lathrop
44;40;false;2023-04-16;12:10;36.8990807;-121.7489324;;52;false;;2:10;;2.16;Pajaro
44;40;false;2023-04-16;14:20;37.805813;-121.295187;;52;false;;;;;#Lathrop
44;40;false;2023-04-17;10:00;37.805813;-121.295187;PU8535;53;true;2:37;;2.61;;#Lathrop
44;40;false;2023-04-17;12:37;36.6563956;-121.6285158;;53;false;;2:37;;2.61;Salinas
44;40;false;2023-04-17;15:14;37.805813;-121.295187;;53;false;;;;;#Lathrop
44;40;false;2023-04-17;15:14;37.805813;-121.295187;PU9686;54;true;0:43;;0.72;;#Lathrop
44;40;false;2023-04-17;15:57;37.5958261;-120.9800252;;54;false;;0:43;;0.72;Modesto
44;40;false;2023-04-17;16:41;37.805813;-121.295187;;54;false;;;;;#Lathrop
44;40;false;2023-04-17;16:41;37.805813;-121.295187;PU9032;55;true;0:35;;0.58;;#Lathrop
44;40;false;2023-04-17;17:16;37.6480562;-121.0261599;;55;false;;0:35;;0.58;Modesto
44;40;false;2023-04-17;17:52;37.805813;-121.295187;;55;false;;;;;#Lathrop
44;40;false;2023-04-17;17:52;37.805813;-121.295187;PU9797;56;true;0:45;;0.75;;#Lathrop
44;40;false;2023-04-17;18:37;38.1443623;-121.3013475;;56;false;;0:45;;0.75;Lodi
44;40;false;2023-04-17;19:22;37.805813;-121.295187;;56;false;;;;;#Lathrop
44;40;false;2023-04-17;19:22;37.805813;-121.295187;PU8901;57;true;0:45;;0.75;;#Lathrop
44;40;false;2023-04-17;20:07;38.1443623;-121.3013475;;57;false;;0:45;;0.75;Lodi
44;40;false;2023-04-17;20:52;37.805813;-121.295187;;57;false;;;;;#Lathrop
44;40;false;2023-04-18;10:00;37.805813;-121.295187;PU9012;58;true;3:02;;3.03;;#Lathrop
44;40;false;2023-04-18;13:02;36.5340502;-121.9258446;;58;false;;2:56;;2.94;Carmel-By-The-Sea
44;40;false;2023-04-18;15:58;37.824687;-122.301563;PU8476;58;true;1:30;;1.51;;#Oakland
44;40;false;2023-04-18;17:29;38.493166;-122.4633226;;58;false;;1:30;;1.51;St Helena
44;40;false;2023-04-18;19:00;37.824687;-122.301563;PU7092;58;true;0:47;;0.79;;#Oakland
44;40;false;2023-04-18;19:47;37.6954267;-121.8815207;;58;false;;;;;Pleasanton
44;40;false;2023-04-18;19:47;37.6954267;-121.8815207;PU7091;58;false;1:03;;1.06;;Pleasanton
44;40;false;2023-04-18;20:51;37.805813;-121.295187;;58;false;;;;;#Lathrop
45;10;false;2023-04-16;10:00;37.805813;-121.295187;PU7023;59;true;1:21;;1.35;;#Lathrop
45;10;false;2023-04-16;11:21;38.4117358;-121.391504;;59;false;;0:29;;0.48;Elk Grove
45;10;false;2023-04-16;11:50;38.3867567;-121.6681981;PU8155;59;false;1:26;;1.44;;Dixon
45;10;false;2023-04-16;13:17;37.805813;-121.295187;;59;false;;;;;#Lathrop
45;10;false;2023-04-16;13:17;37.805813;-121.295187;;60;false;;2:58;;2.96;#Lathrop
45;10;false;2023-04-16;16:15;39.1165564;-120.9550581;PU7793;60;false;2:58;;2.96;;Colfax
45;10;false;2023-04-16;19:13;37.805813;-121.295187;;60;false;;;;;#Lathrop
45;10;false;2023-04-16;19:13;37.805813;-121.295187;;61;false;;0:45;;0.75;#Lathrop
45;10;false;2023-04-16;19:58;38.1443623;-121.3013475;PU9794;61;false;0:45;;0.75;;Lodi
45;10;false;2023-04-16;20:43;37.805813;-121.295187;;61;false;;;;;#Lathrop
47;20;false;2023-04-16;10:00;37.805813;-121.295187;PU7317;63;true;1:29;;1.49;;#Lathrop
47;20;false;2023-04-16;11:29;38.4597499;-121.493103;;63;false;;0:22;;0.38;Sacramento
47;20;false;2023-04-16;11:52;38.5278001;-121.6945676;PU8327;63;false;1:44;;1.74;;Davis
47;20;false;2023-04-16;13:37;37.805813;-121.295187;;63;false;;;;;#Lathrop
47;20;false;2023-04-16;13:37;37.805813;-121.295187;;64;false;;1:49;;1.81;#Lathrop
47;20;false;2023-04-16;15:26;38.5449065;-121.7405167;PU8087;64;false;1:49;;1.81;;Davis
47;20;false;2023-04-16;17:15;37.805813;-121.295187;;64;false;;;;;#Lathrop
47;20;false;2023-04-16;17:15;37.805813;-121.295187;;65;false;;1:40;;1.68;#Lathrop
47;20;false;2023-04-16;18:56;38.5325512;-121.5667216;PU8346;65;false;1:40;;1.68;;West Sacramento
47;20;false;2023-04-16;20:37;37.805813;-121.295187;;65;false;;;;;#Lathrop
48;20;false;2023-04-16;10:00;37.824687;-122.301563;PU9141;66;true;1:03;;1.06;;#Oakland
48;20;false;2023-04-16;11:03;38.3029149;-122.2803559;;66;false;;0:00;;0.01;Napa
48;20;false;2023-04-16;11:04;38.2964761;-122.2776617;PU9578;66;false;1:02;;1.04;;Napa
48;20;false;2023-04-16;12:07;37.824687;-122.301563;;66;false;;;;;#Oakland
49;10;false;2023-04-16;10:00;37.805813;-121.295187;PU8209;67;true;1:35;;1.59;;#Lathrop
49;10;false;2023-04-16;11:35;37.3402991;-120.6093822;;67;false;;1:35;;1.59;Atwater
49;10;false;2023-04-16;13:11;37.805813;-121.295187;;67;false;;;;;#Lathrop
49;10;false;2023-04-17;10:00;37.805813;-121.295187;PU7590;68;true;4:52;;4.86;;#Lathrop
49;10;false;2023-04-17;14:52;36.2966857;-119.3103326;;68;false;;0:40;;0.66;Visalia
49;10;false;2023-04-17;15:32;36.5814915;-119.4294724;PU9838;68;false;4:17;;4.28;;Reedley
49;10;false;2023-04-17;19:49;37.805813;-121.295187;;68;false;;;;;#Lathrop
49;10;false;2023-04-17;19:49;37.805813;-121.295187;;69;false;;0:35;;0.58;#Lathrop
49;10;false;2023-04-17;20:24;37.6952254;-120.993971;PU7844;69;false;0:35;;0.58;;Modesto
49;10;false;2023-04-17;20:59;37.805813;-121.295187;;69;false;;;;;#Lathrop
50;40;false;2023-04-16;10:00;37.805813;-121.295187;PU8637;70;true;0:33;;0.55;;#Lathrop
50;40;false;2023-04-16;10:33;37.71084800000001;-121.0036631;;70;false;;1:59;;1.99;Modesto
50;40;false;2023-04-16;12:33;36.8693886;-121.401483;PU8541;70;false;2:05;;2.08;;Hollister
50;40;false;2023-04-16;14:38;37.805813;-121.295187;;70;false;;;;;#Lathrop
50;40;false;2023-04-16;14:38;37.805813;-121.295187;;71;false;;2:37;;2.61;#Lathrop
50;40;false;2023-04-16;17:15;36.6563956;-121.6285158;PU8534;71;false;2:37;;2.61;;Salinas
50;40;false;2023-04-16;19:52;37.805813;-121.295187;;71;false;;;;;#Lathrop
53;10;false;2023-04-16;10:00;37.824687;-122.301563;PU7107;74;true;0:08;;0.13;;#Oakland
53;10;false;2023-04-16;10:08;37.8711347;-122.2508543;;74;false;;0:11;;0.19;Berkeley
53;10;false;2023-04-16;10:19;37.8521677;-122.1433138;PU9669;74;false;0:17;;0.28;;Orinda
53;10;false;2023-04-16;10:36;37.824687;-122.301563;;74;false;;;;;#Oakland
53;10;false;2023-04-16;10:36;37.824687;-122.301563;;75;false;;5:09;;5.15;#Oakland
53;10;false;2023-04-16;15:46;40.147279;-122.324788;PU9477;75;false;5:09;;5.15;;Red Bluff
53;10;false;2023-04-16;20:55;37.824687;-122.301563;;75;false;;;;;#Oakland
54;20;false;2023-04-16;10:00;37.824687;-122.301563;PU8381;76;true;0:37;;0.62;;#Oakland
54;20;false;2023-04-16;10:37;37.54439;-122.291992;;76;false;;0:03;;0.05;San Mateo
54;20;false;2023-04-16;10:40;37.5314283;-122.3154122;PU9111;76;false;0:39;;0.65;;San Mateo
54;20;false;2023-04-16;11:19;37.824687;-122.301563;;76;false;;;;;#Oakland
54;20;false;2023-04-16;11:19;37.824687;-122.301563;;77;false;;1:19;;1.32;#Oakland
54;20;false;2023-04-16;12:39;37.3271025;-121.8832188;PU7284;77;false;1:19;;1.32;;San Jose
54;20;false;2023-04-16;13:58;37.824687;-122.301563;;77;false;;;;;#Oakland
56;10;false;2023-04-16;10:00;37.805813;-121.295187;PU9350;79;true;1:39;;1.66;;#Lathrop
56;10;false;2023-04-16;11:39;38.527516;-121.5556804;;79;false;;1:39;;1.66;West Sacramento
56;10;false;2023-04-16;13:19;37.805813;-121.295187;;79;false;;;;;#Lathrop
56;10;false;2023-04-17;10:00;37.805813;-121.295187;PU9246;80;true;1:53;;1.89;;#Lathrop
56;10;false;2023-04-17;11:53;38.6462748;-121.4881974;;80;false;;1:53;;1.89;Sacramento
56;10;false;2023-04-17;13:47;37.805813;-121.295187;;80;false;;;;;#Lathrop
56;10;false;2023-04-17;13:47;37.805813;-121.295187;PU8419;81;true;3:03;;3.06;;#Lathrop
56;10;false;2023-04-17;16:51;39.1866446;-121.2647379;;81;false;;3:03;;3.06;Smartsville
56;10;false;2023-04-17;19:55;37.805813;-121.295187;;81;false;;;;;#Lathrop
56;10;false;2023-04-18;10:00;37.805813;-121.295187;PU9635;82;true;0:45;;0.75;;#Lathrop
56;10;false;2023-04-18;10:45;38.1443623;-121.3013475;;82;false;;0:45;;0.75;Lodi
56;10;false;2023-04-18;11:30;37.805813;-121.295187;;82;false;;;;;#Lathrop
56;10;false;2023-04-18;11:30;37.805813;-121.295187;PU7933;83;true;1:46;;1.77;;#Lathrop
56;10;false;2023-04-18;13:16;37.3181196;-120.5018038;;83;false;;1:46;;1.77;Merced
56;10;false;2023-04-18;15:02;37.805813;-121.295187;;83;false;;;;;#Lathrop
56;10;false;2023-04-18;15:02;37.805813;-121.295187;PU7952;84;true;1:40;;1.67;;#Lathrop
56;10;false;2023-04-18;16:43;38.2462144;-122.0673211;;84;false;;1:40;;1.67;Fairfield
56;10;false;2023-04-18;18:23;37.805813;-121.295187;;84;false;;;;;#Lathrop
56;10;false;2023-04-18;18:23;37.805813;-121.295187;PU8625;85;true;0:33;;0.55;;#Lathrop
56;10;false;2023-04-18;18:56;37.71084800000001;-121.0036631;;85;false;;0:33;;0.55;Modesto
56;10;false;2023-04-18;19:29;37.805813;-121.295187;;85;false;;;;;#Lathrop
56;10;false;2023-04-18;19:29;37.805813;-121.295187;PU8549;86;true;0:33;;0.55;;#Lathrop
56;10;false;2023-04-18;20:03;37.71084800000001;-121.0036631;;86;false;;0:02;;0.03;Modesto
56;10;false;2023-04-18;20:05;37.6952254;-120.993971;PU7833;86;false;0:35;;0.58;;Modesto
56;10;false;2023-04-18;20:40;37.805813;-121.295187;;86;false;;;;;#Lathrop
57;20;false;2023-04-16;10:00;37.805813;-121.295187;PU7281;87;true;4:22;;4.37;;#Lathrop
57;20;false;2023-04-16;14:22;36.3215055;-119.6736177;;87;false;;4:22;;4.37;Hanford
57;20;false;2023-04-16;18:45;37.805813;-121.295187;;87;false;;;;;#Lathrop
57;20;false;2023-04-17;10:00;37.805813;-121.295187;PU7395;88;true;2:03;;2.06;;#Lathrop
57;20;false;2023-04-17;12:03;36.879607;-121.4017372;;88;false;;2:03;;2.06;Hollister
57;20;false;2023-04-17;14:07;37.805813;-121.295187;;88;false;;;;;#Lathrop
57;20;false;2023-04-17;14:07;37.805813;-121.295187;PU8689;89;true;1:28;;1.47;;#Lathrop
57;20;false;2023-04-17;15:36;37.3639576;-121.9172657;;89;false;;1:13;;1.22;San Jose
57;20;false;2023-04-17;16:49;37.824687;-122.301563;PU8613;89;true;1:20;;1.34;;#Oakland
57;20;false;2023-04-17;18:10;38.3635364;-121.9571379;;89;false;;1:41;;1.69;Vacaville
57;20;false;2023-04-17;19:52;37.805813;-121.295187;;89;false;;;;;#Lathrop
57;20;false;2023-04-17;19:52;37.805813;-121.295187;PU8676;90;true;0:33;;0.55;;#Lathrop
57;20;false;2023-04-17;20:25;37.71084800000001;-121.0036631;;90;false;;0:33;;0.55;Modesto
57;20;false;2023-04-17;20:58;37.805813;-121.295187;;90;false;;;;;#Lathrop
57;20;false;2023-04-18;10:00;37.805813;-121.295187;PU8697;91;true;0:18;;0.31;;#Lathrop
57;20;false;2023-04-18;10:18;37.7334877;-121.1418232;;91;false;;0:18;;0.31;Ripon
57;20;false;2023-04-18;10:37;37.805813;-121.295187;;91;false;;;;;#Lathrop
57;20;false;2023-04-18;10:37;37.805813;-121.295187;PU9249;92;true;0:08;;0.13;;#Lathrop
57;20;false;2023-04-18;10:45;37.798216;-121.2192347;;92;false;;0:08;;0.13;Manteca
57;20;false;2023-04-18;10:53;37.805813;-121.295187;;92;false;;;;;#Lathrop
57;20;false;2023-04-18;10:53;37.805813;-121.295187;PU9069;93;true;2:08;;2.14;;#Lathrop
57;20;false;2023-04-18;13:02;36.8601274;-121.5356622;;93;false;;2:08;;2.14;San Juan Bautista
57;20;false;2023-04-18;15:10;37.805813;-121.295187;;93;false;;;;;#Lathrop
57;20;false;2023-04-18;15:10;37.805813;-121.295187;PU8883;94;true;1:27;;1.45;;#Lathrop
57;20;false;2023-04-18;16:38;38.0460615;-120.527055;;94;false;;1:27;;1.45;Angels Camp
57;20;false;2023-04-18;18:05;37.805813;-121.295187;;94;false;;;;;#Lathrop
57;20;false;2023-04-18;18:05;37.805813;-121.295187;PU8266;95;true;0:27;;0.45;;#Lathrop
57;20;false;2023-04-18;18:32;38.0100371;-121.3195858;;95;false;;0:27;;0.45;Stockton
57;20;false;2023-04-18;18:59;37.805813;-121.295187;;95;false;;;;;#Lathrop
57;20;false;2023-04-18;18:59;37.805813;-121.295187;PU9793;96;true;0:45;;0.75;;#Lathrop
57;20;false;2023-04-18;19:44;38.1443623;-121.3013475;;96;false;;;;;Lodi
57;20;false;2023-04-18;19:44;38.1443623;-121.3013475;PU8867;96;false;0:45;;0.75;;Lodi
57;20;false;2023-04-18;20:30;37.805813;-121.295187;;96;false;;;;;#Lathrop
60;20;false;2023-04-16;10:00;37.824687;-122.301563;PU8102;99;true;0:14;;0.23;;#Oakland
60;20;false;2023-04-16;10:14;37.7484349;-122.2075939;;99;false;;0:35;;0.58;Oakland
60;20;false;2023-04-16;10:49;37.5201217;-122.0413187;PU8055;99;false;0:49;;0.81;;Newark
60;20;false;2023-04-16;11:38;37.824687;-122.301563;;99;false;;;;;#Oakland
60;20;false;2023-04-16;11:38;37.824687;-122.301563;;100;false;;1:32;;1.54;#Oakland
60;20;false;2023-04-16;13:10;38.3790315;-122.832477;PU8374;100;false;1:32;;1.54;;Sebastopol
60;20;false;2023-04-16;14:43;37.824687;-122.301563;;100;false;;;;;#Oakland
60;20;false;2023-04-16;14:43;37.824687;-122.301563;;101;false;;1:02;;1.04;#Oakland
60;20;false;2023-04-16;15:46;38.2964761;-122.2776617;PU9582;101;false;1:02;;1.04;;Napa
60;20;false;2023-04-16;16:49;37.824687;-122.301563;;101;false;;;;;#Oakland
60;20;false;2023-04-16;16:49;37.824687;-122.301563;;102;false;;1:02;;1.04;#Oakland
60;20;false;2023-04-16;17:52;38.2964761;-122.2776617;PU9577;102;false;1:02;;1.04;;Napa
60;20;false;2023-04-16;18:55;37.824687;-122.301563;;102;false;;;;;#Oakland
62;10;false;2023-04-16;10:00;37.805813;-121.295187;PU8908;104;true;0:45;;0.75;;#Lathrop
62;10;false;2023-04-16;10:45;38.1443623;-121.3013475;;104;false;;;;;Lodi
62;10;false;2023-04-16;10:45;38.1443623;-121.3013475;PU8875;104;false;0:45;;0.75;;Lodi
62;10;false;2023-04-16;11:30;37.805813;-121.295187;;104;false;;;;;#Lathrop
62;10;false;2023-04-16;11:30;37.805813;-121.295187;;105;false;;1:21;;1.35;#Lathrop
62;10;false;2023-04-16;12:51;38.4117358;-121.391504;PU7024;105;false;1:21;;1.35;;Elk Grove
62;10;false;2023-04-16;14:12;37.805813;-121.295187;;105;false;;;;;#Lathrop
62;10;false;2023-04-16;14:12;37.805813;-121.295187;;106;false;;1:29;;1.49;#Lathrop
62;10;false;2023-04-16;15:42;38.4597499;-121.493103;PU7304;106;false;1:29;;1.49;;Sacramento
62;10;false;2023-04-16;17:11;37.805813;-121.295187;;106;false;;;;;#Lathrop
62;10;false;2023-04-16;17:11;37.805813;-121.295187;;107;false;;1:21;;1.35;#Lathrop
62;10;false;2023-04-16;18:33;38.4117358;-121.391504;PU7795;107;false;1:21;;1.35;;Elk Grove
62;10;false;2023-04-16;19:54;37.805813;-121.295187;;107;false;;;;;#Lathrop
65;10;false;2023-04-16;10:00;37.805813;-121.295187;PU8898;110;true;0:45;;0.75;;#Lathrop
65;10;false;2023-04-16;10:45;38.1443623;-121.3013475;;110;false;;;;;Lodi
65;10;false;2023-04-16;10:45;38.1443623;-121.3013475;PU8913;110;false;0:45;;0.75;;Lodi
65;10;false;2023-04-16;11:30;37.805813;-121.295187;;110;false;;;;;#Lathrop
65;10;false;2023-04-16;11:30;37.805813;-121.295187;;111;false;;0:45;;0.75;#Lathrop
65;10;false;2023-04-16;12:15;38.1443623;-121.3013475;PU8891;111;false;0:45;;0.75;;Lodi
65;10;false;2023-04-16;13:00;37.805813;-121.295187;;111;false;;;;;#Lathrop
65;10;false;2023-04-16;13:00;37.805813;-121.295187;;112;false;;0:45;;0.75;#Lathrop
65;10;false;2023-04-16;13:45;38.1443623;-121.3013475;PU8873;112;false;0:45;;0.75;;Lodi
65;10;false;2023-04-16;14:30;37.805813;-121.295187;;112;false;;;;;#Lathrop
65;10;false;2023-04-16;14:30;37.805813;-121.295187;;113;false;;2:09;;2.15;#Lathrop
65;10;false;2023-04-16;16:39;38.7041046;-120.8289118;PU7494;113;false;2:09;;2.15;;Placerville
65;10;false;2023-04-16;18:49;37.805813;-121.295187;;113;false;;;;;#Lathrop
65;10;false;2023-04-16;18:49;37.805813;-121.295187;;114;false;;0:45;;0.75;#Lathrop
65;10;false;2023-04-16;19:34;38.1443623;-121.3013475;PU9776;114;false;0:45;;0.75;;Lodi
65;10;false;2023-04-16;20:19;37.805813;-121.295187;;114;false;;;;;#Lathrop
66;10;false;2023-04-16;10:00;37.805813;-121.295187;PU9625;115;true;0:45;;0.75;;#Lathrop
66;10;false;2023-04-16;10:45;38.1443623;-121.3013475;;115;false;;;;;Lodi
66;10;false;2023-04-16;10:45;38.1443623;-121.3013475;PU9632;115;false;0:45;;0.75;;Lodi
66;10;false;2023-04-16;11:30;37.805813;-121.295187;;115;false;;;;;#Lathrop
66;10;false;2023-04-16;11:30;37.805813;-121.295187;;116;false;;1:53;;1.89;#Lathrop
66;10;false;2023-04-16;13:23;38.6462748;-121.4881974;PU9225;116;false;1:53;;1.89;;Sacramento
66;10;false;2023-04-16;15:17;37.805813;-121.295187;;116;false;;;;;#Lathrop
66;10;false;2023-04-16;15:17;37.805813;-121.295187;;117;false;;2:34;;2.57;#Lathrop
66;10;false;2023-04-16;17:52;36.6702603;-121.598793;PU7154;117;false;2:34;;2.57;;Salinas
66;10;false;2023-04-16;20:27;37.805813;-121.295187;;117;false;;;;;#Lathrop
67;10;false;2023-04-16;10:00;37.805813;-121.295187;PU6961;118;true;1:29;;1.49;;#Lathrop
67;10;false;2023-04-16;11:29;38.3577439;-120.8062811;;118;false;;0:46;;0.76;Jackson
67;10;false;2023-04-16;12:15;38.7041046;-120.8289118;PU7496;118;false;2:09;;2.15;;Placerville
67;10;false;2023-04-16;14:25;37.805813;-121.295187;;118;false;;;;;#Lathrop
67;10;false;2023-04-16;14:25;37.805813;-121.295187;;119;false;;1:48;;1.80;#Lathrop
67;10;false;2023-04-16;16:13;38.6196984;-121.3450718;PU8988;119;false;1:48;;1.80;;Carmichael
67;10;false;2023-04-16;18:02;37.805813;-121.295187;;119;false;;;;;#Lathrop
67;10;false;2023-04-16;18:02;37.805813;-121.295187;;120;false;;0:45;;0.75;#Lathrop
67;10;false;2023-04-16;18:47;38.1443623;-121.3013475;PU8912;120;false;0:45;;0.75;;Lodi
67;10;false;2023-04-16;19:32;37.805813;-121.295187;;120;false;;;;;#Lathrop
67;10;false;2023-04-16;19:32;37.805813;-121.295187;;121;false;;0:34;;0.56;#Lathrop
67;10;false;2023-04-16;20:06;37.701207;-121.0007748;PU9375;121;false;0:34;;0.56;;Modesto
67;10;false;2023-04-16;20:40;37.805813;-121.295187;;121;false;;;;;#Lathrop
68;10;false;2023-04-16;10:00;37.824687;-122.301563;PU9824;122;true;0:27;;0.46;;#Oakland
68;10;false;2023-04-16;10:27;37.6717075;-122.1202887;;122;false;;0:04;;0.08;Hayward
68;10;false;2023-04-16;10:32;37.6985439;-122.0891592;PU9610;122;false;0:28;;0.46;;Castro Valley
68;10;false;2023-04-16;11:00;37.824687;-122.301563;;122;false;;;;;#Oakland
68;10;false;2023-04-16;11:00;37.824687;-122.301563;;123;false;;0:27;;0.46;#Oakland
68;10;false;2023-04-16;11:28;37.6363415;-122.4178809;PU9553;123;false;0:27;;0.46;;San Bruno
68;10;false;2023-04-16;11:56;37.824687;-122.301563;;123;false;;;;;#Oakland
68;10;false;2023-04-16;11:56;37.824687;-122.301563;;124;false;;0:36;;0.61;#Oakland
68;10;false;2023-04-16;12:33;37.76176239999999;-121.9612642;PU8135;124;false;0:36;;0.61;;San Ramon
68;10;false;2023-04-16;13:10;37.824687;-122.301563;;124;false;;;;;#Oakland
68;10;false;2023-04-16;13:10;37.824687;-122.301563;;125;false;;0:21;;0.36;#Oakland
68;10;false;2023-04-16;13:32;37.7096051;-122.1550685;PU8283;125;false;0:21;;0.36;;San Leandro
68;10;false;2023-04-16;13:54;37.824687;-122.301563;;125;false;;;;;#Oakland
68;10;false;2023-04-16;13:54;37.824687;-122.301563;;126;false;;0:32;;0.54;#Oakland
68;10;false;2023-04-16;14:26;37.9717408;-122.0540963;PU8765;126;false;0:32;;0.54;;Concord
68;10;false;2023-04-16;14:59;37.824687;-122.301563;;126;false;;;;;#Oakland
68;10;false;2023-04-16;14:59;37.824687;-122.301563;;127;false;;0:27;;0.45;#Oakland
68;10;false;2023-04-16;15:27;37.9030421;-122.05973;PU7876;127;false;0:27;;0.45;;Walnut Creek
68;10;false;2023-04-16;15:54;37.824687;-122.301563;;127;false;;;;;#Oakland
68;10;false;2023-04-16;15:54;37.824687;-122.301563;;128;false;;0:47;;0.79;#Oakland
68;10;false;2023-04-16;16:42;37.6954267;-121.8815207;PU7089;128;false;0:47;;0.79;;Pleasanton
68;10;false;2023-04-16;17:29;37.824687;-122.301563;;128;false;;;;;#Oakland
68;10;false;2023-04-16;17:29;37.824687;-122.301563;;129;false;;1:02;;1.04;#Oakland
68;10;false;2023-04-16;18:32;38.2964761;-122.2776617;PU9552;129;false;1:02;;1.04;;Napa
68;10;false;2023-04-16;19:35;37.824687;-122.301563;;129;false;;;;;#Oakland
68;10;false;2023-04-16;19:35;37.824687;-122.301563;;130;false;;0:28;;0.47;#Oakland
68;10;false;2023-04-16;20:04;37.9556396;-122.0878992;PU9359;130;false;0:28;;0.47;;Pleasant Hill
68;10;false;2023-04-16;20:32;37.824687;-122.301563;;130;false;;;;;#Oakland
69;10;false;2023-04-16;10:00;37.805813;-121.295187;PU9266;131;true;1:50;;1.83;;#Lathrop
69;10;false;2023-04-16;11:50;38.5448052;-121.765171;;131;false;;1:50;;1.83;Davis
69;10;false;2023-04-16;13:40;37.805813;-121.295187;;131;false;;;;;#Lathrop
69;10;false;2023-04-17;10:00;37.805813;-121.295187;PU7104;132;true;2:11;;2.19;;#Lathrop
69;10;false;2023-04-17;12:11;36.8352827;-121.521856;;132;false;;2:11;;2.19;San Juan Bautista
69;10;false;2023-04-17;14:22;37.805813;-121.295187;;132;false;;;;;#Lathrop
69;10;false;2023-04-17;14:22;37.805813;-121.295187;PU7307;133;true;1:29;;1.49;;#Lathrop
69;10;false;2023-04-17;15:52;38.4597499;-121.493103;;133;false;;1:29;;1.49;Sacramento
69;10;false;2023-04-17;17:22;37.805813;-121.295187;;133;false;;;;;#Lathrop
69;10;false;2023-04-17;17:22;37.805813;-121.295187;PU7170;134;true;0:46;;0.77;;#Lathrop
69;10;false;2023-04-17;18:08;37.60628639999999;-120.937649;;134;false;;0:46;;0.77;Ceres
69;10;false;2023-04-17;18:54;37.805813;-121.295187;;134;false;;;;;#Lathrop
69;10;false;2023-04-18;10:00;37.805813;-121.295187;PU8010;135;true;1:56;;1.93;;#Lathrop
69;10;false;2023-04-18;11:56;38.6701641;-121.1537376;;135;false;;2:44;;2.74;Folsom
69;10;false;2023-04-18;14:41;37.824687;-122.301563;PU9571;135;true;1:02;;1.04;;#Oakland
69;10;false;2023-04-18;15:43;38.2964761;-122.2776617;;135;false;;1:02;;1.04;Napa
69;10;false;2023-04-18;16:46;37.824687;-122.301563;PU8480;135;true;2:42;;2.71;;#Oakland
69;10;false;2023-04-18;19:29;37.4207754;-120.8520478;;135;false;;0:12;;0.20;Hilmar
69;10;false;2023-04-18;19:41;37.5094922;-120.8730104;PU7163;135;false;0:59;;0.99;;Turlock
69;10;false;2023-04-18;20:41;37.805813;-121.295187;;135;false;;;;;#Lathrop
71;40;false;2023-04-16;10:00;37.824687;-122.301563;PU8372;137;true;0:55;;0.91;;#Oakland
71;40;false;2023-04-16;10:55;37.5217259;-121.946877;;137;false;;0:17;;0.29;Fremont
71;40;false;2023-04-16;11:12;37.396458;-121.8985944;PU9721;137;false;1:11;;1.18;;San Jose
71;40;false;2023-04-16;12:23;37.824687;-122.301563;;137;false;;;;;#Oakland
71;40;false;2023-04-16;12:23;37.824687;-122.301563;;138;false;;1:30;;1.51;#Oakland
71;40;false;2023-04-16;13:54;38.413245;-122.738021;PU8978;138;false;1:30;;1.51;;Santa Rosa
71;40;false;2023-04-16;15:25;37.824687;-122.301563;;138;false;;;;;#Oakland
71;40;false;2023-04-16;15:25;37.824687;-122.301563;;139;false;;1:02;;1.04;#Oakland
71;40;false;2023-04-16;16:28;38.2964761;-122.2776617;PU9533;139;false;1:02;;1.04;;Napa
71;40;false;2023-04-16;17:31;37.824687;-122.301563;;139;false;;;;;#Oakland
71;40;false;2023-04-16;17:31;37.824687;-122.301563;;140;false;;0:46;;0.78;#Oakland
71;40;false;2023-04-16;18:18;37.6836028;-121.8961564;PU9218;140;false;0:46;;0.78;;Pleasanton
71;40;false;2023-04-16;19:04;37.824687;-122.301563;;140;false;;;;;#Oakland
71;40;false;2023-04-16;19:04;37.824687;-122.301563;;141;false;;0:46;;0.78;#Oakland
71;40;false;2023-04-16;19:51;38.1037808;-122.5716519;PU7980;141;false;0:46;;0.78;;Novato
71;40;false;2023-04-16;20:38;37.824687;-122.301563;;141;false;;;;;#Oakland
73;20;false;2023-04-16;10:00;37.805813;-121.295187;PU7569;143;true;2:08;;2.13;;#Lathrop
73;20;false;2023-04-16;12:08;36.848218;-121.4094849;;143;false;;2:08;;2.13;Hollister
73;20;false;2023-04-16;14:16;37.805813;-121.295187;;143;false;;;;;#Lathrop
73;20;false;2023-04-17;10:00;37.805813;-121.295187;PU7589;144;true;4:52;;4.86;;#Lathrop
73;20;false;2023-04-17;14:52;36.2966857;-119.3103326;;144;false;;4:52;;4.86;Visalia
73;20;false;2023-04-17;19:44;37.805813;-121.295187;;144;false;;;;;#Lathrop
73;20;false;2023-04-18;10:00;37.805813;-121.295187;PU9377;145;true;0:34;;0.56;;#Lathrop
73;20;false;2023-04-18;10:34;37.701207;-121.0007748;;145;false;;0:34;;0.56;Modesto
73;20;false;2023-04-18;11:08;37.805813;-121.295187;;145;false;;;;;#Lathrop
73;20;false;2023-04-18;11:08;37.805813;-121.295187;PU9213;146;true;1:21;;1.35;;#Lathrop
73;20;false;2023-04-18;12:29;38.4137192;-121.3243846;;146;false;;0:38;;0.64;Elk Grove
73;20;false;2023-04-18;13:07;38.6588892;-121.1260865;PU8089;146;false;1:55;;1.91;;Folsom
73;20;false;2023-04-18;15:02;37.805813;-121.295187;;146;false;;;;;#Lathrop
73;20;false;2023-04-18;15:02;37.805813;-121.295187;;147;false;;1:35;;1.58;#Lathrop
73;20;false;2023-04-18;16:38;37.1605111;-121.6810201;PU8489;147;false;1:35;;1.58;;Morgan Hill
73;20;false;2023-04-18;18:13;37.805813;-121.295187;;147;false;;;;;#Lathrop
73;20;false;2023-04-18;18:13;37.805813;-121.295187;;148;false;;0:45;;0.75;#Lathrop
73;20;false;2023-04-18;18:58;38.1443623;-121.3013475;PU9706;148;false;0:45;;0.75;;Lodi
73;20;false;2023-04-18;19:43;37.805813;-121.295187;;148;false;;;;;#Lathrop
73;20;false;2023-04-18;19:43;37.805813;-121.295187;;149;false;;0:35;;0.58;#Lathrop
73;20;false;2023-04-18;20:18;37.6952254;-120.993971;PU7839;149;false;0:35;;0.58;;Modesto
73;20;false;2023-04-18;20:53;37.805813;-121.295187;;149;false;;;;;#Lathrop
74;10;false;2023-04-16;10:00;37.824687;-122.301563;PU7916;150;true;1:44;;1.73;;#Oakland
74;10;false;2023-04-16;11:44;38.5066474;-122.7877359;;150;false;;3:02;;3.04;Santa Rosa
74;10;false;2023-04-16;14:46;37.805813;-121.295187;PU9731;150;true;1:46;;1.77;;#Lathrop
74;10;false;2023-04-16;16:33;37.824687;-122.301563;PU9731;150;true;;;;;#Oakland
74;10;false;2023-04-17;10:00;37.824687;-122.301563;PU9731;150;true;2:12;;2.21;;#Oakland
74;10;false;2023-04-17;12:12;38.8098911;-122.4891127;;150;false;;2:12;;2.21;Lower Lake
74;10;false;2023-04-17;14:25;37.824687;-122.301563;;150;false;;;;;#Oakland
74;10;false;2023-04-17;14:25;37.824687;-122.301563;PU7819;151;true;1:01;;1.02;;#Oakland
74;10;false;2023-04-17;15:26;37.9405712;-121.7378021;;151;false;;1:01;;1.02;Brentwood
74;10;false;2023-04-17;16:28;37.824687;-122.301563;;151;false;;;;;#Oakland
74;10;false;2023-04-17;16:28;37.824687;-122.301563;PU9500;152;true;1:03;;1.05;;#Oakland
74;10;false;2023-04-17;17:31;37.4588252;-121.921185;;152;false;;1:03;;1.05;Fremont
74;10;false;2023-04-17;18:34;37.824687;-122.301563;;152;false;;;;;#Oakland
74;10;false;2023-04-17;18:34;37.824687;-122.301563;PU7717;153;true;1:05;;1.09;;#Oakland
74;10;false;2023-04-17;19:40;38.2412795;-122.6345586;;153;false;;1:05;;1.09;Petaluma
74;10;false;2023-04-17;20:46;37.824687;-122.301563;;153;false;;;;;#Oakland
74;10;false;2023-04-18;10:00;37.824687;-122.301563;PU8995;154;true;3:06;;3.11;;#Oakland
74;10;false;2023-04-18;13:06;38.9454265;-121.2301517;;154;false;;3:06;;3.11;Lincoln
74;10;false;2023-04-18;16:13;37.824687;-122.301563;;154;false;;;;;#Oakland
74;10;false;2023-04-18;16:13;37.824687;-122.301563;PU8487;155;true;0:37;;0.61;;#Oakland
74;10;false;2023-04-18;16:50;37.6065956;-122.083758;;155;false;;0:37;;0.61;Union City
74;10;false;2023-04-18;17:27;37.824687;-122.301563;;155;false;;;;;#Oakland
74;10;false;2023-04-18;17:27;37.824687;-122.301563;PU9546;156;true;1:02;;1.04;;#Oakland
74;10;false;2023-04-18;18:30;38.2964761;-122.2776617;;156;false;;1:02;;1.04;Napa
74;10;false;2023-04-18;19:33;37.824687;-122.301563;;156;false;;;;;#Oakland
74;10;false;2023-04-18;19:33;37.824687;-122.301563;PU9215;157;true;0:17;;0.28;;#Oakland
74;10;false;2023-04-18;19:50;37.7592629;-122.1631186;;157;false;;0:17;;0.28;Oakland
74;10;false;2023-04-18;20:07;37.824687;-122.301563;;157;false;;;;;#Oakland
74;10;false;2023-04-18;20:07;37.824687;-122.301563;PU8107;158;true;0:14;;0.23;;#Oakland
74;10;false;2023-04-18;20:21;37.7484349;-122.2075939;;158;false;;0:14;;0.23;Oakland
74;10;false;2023-04-18;20:36;37.824687;-122.301563;;158;false;;;;;#Oakland
74;10;false;2023-04-18;20:36;37.824687;-122.301563;PU8963;159;true;0:05;;0.09;;#Oakland
74;10;false;2023-04-18;20:41;37.7931408;-122.2667989;;159;false;;0:03;;0.05;Oakland
74;10;false;2023-04-18;20:45;37.8197601;-122.2677028;PU9050;159;false;0:03;;0.06;;Oakland
74;10;false;2023-04-18;20:48;37.824687;-122.301563;;159;false;;;;;#Oakland
75;40;false;2023-04-16;10:00;33.787488;-118.231826;;160;false;;3:42;;3.71;#Los Angeles
75;40;false;2023-04-16;13:42;33.7401376;-116.2292366;PU7454;160;false;3:42;;3.71;;Indio
75;40;false;2023-04-16;17:25;33.787488;-118.231826;;160;false;;;;;#Los Angeles
76;40;false;2023-04-16;10:00;37.805813;-121.295187;PU8261;161;true;1:23;;1.39;;#Lathrop
76;40;false;2023-04-16;11:23;38.3790032;-121.6195991;;161;false;;0:45;;0.75;Clarksburg
76;40;false;2023-04-16;12:08;38.65011620000001;-121.8812095;PU8775;161;false;1:58;;1.97;;Woodland
76;40;false;2023-04-16;14:07;37.824687;-122.301563;;161;false;;1:30;;1.51;#Oakland
76;40;false;2023-04-16;15:38;38.413245;-122.738021;PU8982;161;false;1:30;;1.51;;Santa Rosa
76;40;false;2023-04-16;17:09;37.824687;-122.301563;;161;false;;0:47;;0.79;#Oakland
76;40;false;2023-04-16;17:57;37.4817893;-122.1668939;PU9085;161;false;0:47;;0.79;;West Menlo Park
76;40;false;2023-04-16;18:44;37.824687;-122.301563;;161;false;;0:14;;0.23;#Oakland
76;40;false;2023-04-16;18:59;37.7484349;-122.2075939;PU8945;161;false;0:14;;0.23;;Oakland
76;40;false;2023-04-16;19:13;37.824687;-122.301563;;161;false;;1:46;;1.77;#Oakland
76;40;false;2023-04-16;20:59;37.805813;-121.295187;;161;false;;;;;#Lathrop
77;40;false;2023-04-16;10:00;33.787488;-118.231826;;162;false;;1:03;;1.05;#Los Angeles
77;40;false;2023-04-16;11:03;34.2143105;-118.4817939;PU9386;162;false;1:03;;1.05;;Van Nuys
77;40;false;2023-04-16;12:06;33.787488;-118.231826;;162;false;;;;;#Los Angeles
77;40;false;2023-04-16;12:06;33.787488;-118.231826;;163;false;;3:42;;3.71;#Los Angeles
77;40;false;2023-04-16;15:49;33.7401376;-116.2292366;PU7456;163;false;3:42;;3.71;;Indio
77;40;false;2023-04-16;19:31;33.787488;-118.231826;;163;false;;;;;#Los Angeles
78;10;false;2023-04-16;10:00;37.805813;-121.295187;PU8331;164;true;1:44;;1.74;;#Lathrop
78;10;false;2023-04-16;11:44;38.5278001;-121.6945676;;164;false;;1:44;;1.74;Davis
78;10;false;2023-04-16;13:29;37.805813;-121.295187;;164;false;;;;;#Lathrop
78;10;false;2023-04-17;10:00;37.805813;-121.295187;PU8152;165;true;3:58;;3.97;;#Lathrop
78;10;false;2023-04-17;13:58;39.25082889999999;-119.9515585;;165;false;;2:05;;2.09;Incline Village
78;10;false;2023-04-17;16:04;38.9320066;-121.0930187;PU8768;165;false;2:31;;2.52;;Auburn
78;10;false;2023-04-17;18:35;37.805813;-121.295187;;165;false;;;;;#Lathrop
78;10;false;2023-04-17;18:35;37.805813;-121.295187;;166;false;;0:45;;0.75;#Lathrop
78;10;false;2023-04-17;19:20;38.1443623;-121.3013475;PU9708;166;false;0:45;;0.75;;Lodi
78;10;false;2023-04-17;20:05;37.805813;-121.295187;;166;false;;;;;#Lathrop
79;10;false;2023-04-16;10:00;37.824687;-122.301563;PU8861;167;true;2:55;;2.93;;#Oakland
79;10;false;2023-04-16;12:55;36.5436125;-121.9023345;;167;false;;3:00;;3.00;Carmel-By-The-Sea
79;10;false;2023-04-16;15:55;37.805813;-121.295187;PU9482;167;true;1:46;;1.77;;#Lathrop
79;10;false;2023-04-16;17:42;37.824687;-122.301563;PU9482;167;true;;;;;#Oakland
79;10;false;2023-04-17;10:00;37.824687;-122.301563;PU9482;167;true;1:15;;1.25;;#Oakland
79;10;false;2023-04-17;11:15;37.3347394;-121.9420448;;167;false;;1:15;;1.25;San Jose
79;10;false;2023-04-17;12:31;37.824687;-122.301563;;167;false;;;;;#Oakland
79;10;false;2023-04-17;12:31;37.824687;-122.301563;PU8890;168;true;1:24;;1.41;;#Oakland
79;10;false;2023-04-17;13:56;37.2531634;-121.9474221;;168;false;;1:24;;1.41;San Jose
79;10;false;2023-04-17;15:20;37.824687;-122.301563;;168;false;;;;;#Oakland
79;10;false;2023-04-17;15:20;37.824687;-122.301563;PU8084;169;true;0:41;;0.69;;#Oakland
79;10;false;2023-04-17;16:02;37.728637;-121.9265873;;169;false;;0:41;;0.69;San Ramon
79;10;false;2023-04-17;16:44;37.824687;-122.301563;;169;false;;;;;#Oakland
79;10;false;2023-04-17;16:44;37.824687;-122.301563;PU9519;170;true;1:04;;1.07;;#Oakland
79;10;false;2023-04-17;17:48;37.4088551;-121.9943877;;170;false;;1:04;;1.07;Sunnyvale
79;10;false;2023-04-17;18:52;37.824687;-122.301563;;170;false;;;;;#Oakland
79;10;false;2023-04-17;18:52;37.824687;-122.301563;PU7016;171;true;0:09;;0.16;;#Oakland
79;10;false;2023-04-17;19:02;37.7715623;-122.2385148;;171;false;;0:09;;0.16;Alameda
79;10;false;2023-04-17;19:12;37.824687;-122.301563;;171;false;;;;;#Oakland
79;10;false;2023-04-17;19:12;37.824687;-122.301563;PU8278;172;true;0:14;;0.23;;#Oakland
79;10;false;2023-04-17;19:26;37.7484349;-122.2075939;;172;false;;0:14;;0.23;Oakland
79;10;false;2023-04-17;19:40;37.824687;-122.301563;;172;false;;;;;#Oakland
79;10;false;2023-04-17;19:40;37.824687;-122.301563;PU8809;173;true;0:00;;0.01;;#Oakland
79;10;false;2023-04-17;19:41;37.8233048;-122.2952323;;173;false;;0:00;;0.01;Oakland
79;10;false;2023-04-17;19:41;37.824687;-122.301563;;173;false;;;;;#Oakland
79;10;false;2023-04-17;19:41;37.824687;-122.301563;PU7257;174;true;0:36;;0.60;;#Oakland
79;10;false;2023-04-17;20:18;38.0887691;-122.2223799;;174;false;;0:36;;0.60;Vallejo
79;10;false;2023-04-17;20:54;37.824687;-122.301563;;174;false;;;;;#Oakland
79;10;false;2023-04-18;10:00;37.824687;-122.301563;PU7956;175;true;0:13;;0.23;;#Oakland
79;10;false;2023-04-18;10:13;37.8067224;-122.4313474;;175;false;;0:13;;0.23;San Francisco
79;10;false;2023-04-18;10:27;37.824687;-122.301563;;175;false;;;;;#Oakland
79;10;false;2023-04-18;10:27;37.824687;-122.301563;PU9364;176;true;1:14;;1.24;;#Oakland
79;10;false;2023-04-18;11:42;37.3283119;-121.9745269;;176;false;;1:14;;1.24;Santa Clara
79;10;false;2023-04-18;12:57;37.824687;-122.301563;;176;false;;;;;#Oakland
79;10;false;2023-04-18;12:57;37.824687;-122.301563;PU9805;177;true;0:47;;0.79;;#Oakland
79;10;false;2023-04-18;13:44;37.6933946;-121.8803417;;177;false;;0:47;;0.79;Pleasanton
79;10;false;2023-04-18;14:32;37.824687;-122.301563;;177;false;;;;;#Oakland
79;10;false;2023-04-18;14:32;37.824687;-122.301563;PU9560;178;true;1:02;;1.04;;#Oakland
79;10;false;2023-04-18;15:35;38.2964761;-122.2776617;;178;false;;1:02;;1.04;Napa
79;10;false;2023-04-18;16:38;37.824687;-122.301563;;178;false;;;;;#Oakland
79;10;false;2023-04-18;16:38;37.824687;-122.301563;PU9575;179;true;1:02;;1.04;;#Oakland
79;10;false;2023-04-18;17:41;38.2964761;-122.2776617;;179;false;;1:02;;1.04;Napa
79;10;false;2023-04-18;18:44;37.824687;-122.301563;;179;false;;;;;#Oakland
79;10;false;2023-04-18;18:44;37.824687;-122.301563;PU9828;180;true;0:56;;0.93;;#Oakland
79;10;false;2023-04-18;19:40;37.4243574;-122.1349295;;180;false;;0:07;;0.13;Palo Alto
79;10;false;2023-04-18;19:48;37.3721407;-122.0988562;PU7817;180;false;1:03;;1.06;;Los Altos
79;10;false;2023-04-18;20:52;37.824687;-122.301563;;180;false;;;;;#Oakland
80;40;false;2023-04-16;10:00;37.824687;-122.301563;PU8630;181;true;0:57;;0.95;;#Oakland
80;40;false;2023-04-16;10:57;37.4144708;-122.1415172;;181;false;;0:17;;0.28;Palo Alto
80;40;false;2023-04-16;11:14;37.3909047;-121.9810671;PU8959;181;false;1:07;;1.11;;Santa Clara
80;40;false;2023-04-16;12:21;37.824687;-122.301563;;181;false;;;;;#Oakland
80;40;false;2023-04-16;12:21;37.824687;-122.301563;;182;false;;0:55;;0.93;#Oakland
80;40;false;2023-04-16;13:17;38.2445503;-122.2934595;PU9037;182;false;0:55;;0.93;;Napa
80;40;false;2023-04-16;14:13;37.824687;-122.301563;;182;false;;;;;#Oakland
80;40;false;2023-04-16;14:13;37.824687;-122.301563;;183;false;;1:02;;1.04;#Oakland
80;40;false;2023-04-16;15:16;38.2964761;-122.2776617;PU9563;183;false;1:02;;1.04;;Napa
80;40;false;2023-04-16;16:19;37.824687;-122.301563;;183;false;;;;;#Oakland
80;40;false;2023-04-16;16:19;37.824687;-122.301563;;184;false;;1:58;;1.97;#Oakland
80;40;false;2023-04-16;18:17;36.9558866;-122.0495214;PU8838;184;false;1:58;;1.97;;Santa Cruz
80;40;false;2023-04-16;20:16;37.824687;-122.301563;;184;false;;;;;#Oakland
80;40;false;2023-04-16;20:16;37.824687;-122.301563;;185;false;;0:16;;0.27;#Oakland
80;40;false;2023-04-16;20:33;37.78627360000001;-122.4523413;PU9697;185;false;0:16;;0.27;;San Francisco
80;40;false;2023-04-16;20:50;37.824687;-122.301563;;185;false;;;;;#Oakland
81;20;false;2023-04-16;10:00;33.787488;-118.231826;PU6977;186;true;1:20;;1.34;;#Los Angeles
81;20;false;2023-04-16;11:20;33.8907327;-117.5171153;;186;false;;1:02;;1.04;Corona
81;20;false;2023-04-16;12:23;33.9248674;-116.9521269;PU7523;186;false;2:23;;2.38;;Beaumont
81;20;false;2023-04-16;14:46;33.787488;-118.231826;;186;false;;;;;#Los Angeles
81;20;false;2023-04-16;14:46;33.787488;-118.231826;;187;false;;1:20;;1.34;#Los Angeles
81;20;false;2023-04-16;16:07;33.8907327;-117.5171153;PU7269;187;false;1:20;;1.34;;Corona
81;20;false;2023-04-16;17:27;33.787488;-118.231826;;187;false;;;;;#Los Angeles
81;20;false;2023-04-16;17:27;33.787488;-118.231826;;188;false;;1:37;;1.62;#Los Angeles
81;20;false;2023-04-16;19:05;34.06412;-117.416428;PU8572;188;false;1:37;;1.62;;Bloomington
81;20;false;2023-04-16;20:43;33.787488;-118.231826;;188;false;;;;;#Los Angeles
82;10;false;2023-04-16;10:00;37.824687;-122.301563;PU7394;189;true;1:05;;1.09;;#Oakland
82;10;false;2023-04-16;11:05;37.4313771;-121.923178;;189;false;;1:23;;1.38;Milpitas
82;10;false;2023-04-16;12:29;37.805813;-121.295187;PU8543;189;true;1:46;;1.77;;#Lathrop
82;10;false;2023-04-16;14:15;37.824687;-122.301563;PU8543;189;true;;;;;#Oakland
82;10;false;2023-04-17;10:00;37.824687;-122.301563;PU8543;189;true;0:23;;0.38;;#Oakland
82;10;false;2023-04-17;10:23;37.9926176;-122.3539923;;189;false;;0:41;;0.68;Richmond
82;10;false;2023-04-17;11:04;38.2964761;-122.2776617;PU9556;189;false;1:02;;1.04;;Napa
82;10;false;2023-04-17;12:07;37.824687;-122.301563;;189;false;;;;;#Oakland
82;10;false;2023-04-17;12:07;37.824687;-122.301563;;190;false;;1:18;;1.30;#Oakland
82;10;false;2023-04-17;13:25;37.33874;-121.8852525;PU9661;190;false;1:18;;1.30;;San Jose
82;10;false;2023-04-17;14:43;37.824687;-122.301563;;190;false;;;;;#Oakland
82;10;false;2023-04-17;14:43;37.824687;-122.301563;;191;false;;1:21;;1.36;#Oakland
82;10;false;2023-04-17;16:05;37.3091515;-121.883744;PU8174;191;false;1:21;;1.36;;San Jose
82;10;false;2023-04-17;17:27;37.824687;-122.301563;;191;false;;;;;#Oakland
82;10;false;2023-04-17;17:27;37.824687;-122.301563;;192;false;;1:02;;1.04;#Oakland
82;10;false;2023-04-17;18:30;38.2964761;-122.2776617;PU9570;192;false;1:02;;1.04;;Napa
82;10;false;2023-04-17;19:33;37.824687;-122.301563;;192;false;;;;;#Oakland
82;10;false;2023-04-17;19:33;37.824687;-122.301563;;193;false;;0:43;;0.72;#Oakland
82;10;false;2023-04-17;20:16;37.7198882;-121.9124204;PU9074;193;false;0:43;;0.72;;Dublin
82;10;false;2023-04-17;20:59;37.824687;-122.301563;;193;false;;;;;#Oakland
83;10;false;2023-04-16;10:00;37.824687;-122.301563;PU8033;194;true;0:06;;0.10;;#Oakland
83;10;false;2023-04-16;10:06;37.7782877;-122.2933884;;194;false;;0:10;;0.17;Alameda
83;10;false;2023-04-16;10:16;37.7559684;-122.3897618;PU9603;194;false;0:13;;0.21;;San Francisco
83;10;false;2023-04-16;10:29;37.824687;-122.301563;;194;false;;;;;#Oakland
83;10;false;2023-04-16;10:29;37.824687;-122.301563;;195;false;;1:04;;1.08;#Oakland
83;10;false;2023-04-16;11:34;38.2393873;-122.6239057;PU8492;195;false;1:04;;1.08;;Petaluma
83;10;false;2023-04-16;12:39;37.824687;-122.301563;;195;false;;;;;#Oakland
83;10;false;2023-04-16;12:39;37.824687;-122.301563;;196;false;;1:17;;1.29;#Oakland
83;10;false;2023-04-16;13:57;37.3321237;-121.9049074;PU7696;196;false;1:17;;1.29;;San Jose
83;10;false;2023-04-16;15:15;37.824687;-122.301563;;196;false;;;;;#Oakland
83;10;false;2023-04-16;15:15;37.824687;-122.301563;;197;false;;0:47;;0.78;#Oakland
83;10;false;2023-04-16;16:02;37.7037894;-121.8824192;PU7046;197;false;0:47;;0.78;;Dublin
83;10;false;2023-04-16;16:49;37.824687;-122.301563;;197;false;;;;;#Oakland
83;10;false;2023-04-16;16:49;37.824687;-122.301563;;198;false;;1:21;;1.35;#Oakland
83;10;false;2023-04-16;18:10;38.3850294;-122.6040309;PU7413;198;false;1:21;;1.35;;Santa Rosa
83;10;false;2023-04-16;19:32;37.824687;-122.301563;;198;false;;;;;#Oakland
83;10;false;2023-04-16;19:32;37.824687;-122.301563;;199;false;;0:33;;0.55;#Oakland
83;10;false;2023-04-16;20:05;37.9719471;-122.0444574;PU9046;199;false;0:33;;0.55;;Concord
83;10;false;2023-04-16;20:38;37.824687;-122.301563;;199;false;;;;;#Oakland
84;20;false;2023-04-16;10:00;33.787488;-118.231826;PU7049;200;true;1:20;;1.34;;#Los Angeles
84;20;false;2023-04-16;11:20;33.8907327;-117.5171153;;200;false;;1:13;;1.22;Corona
84;20;false;2023-04-16;12:33;34.4407166;-117.5010348;PU9368;200;false;1:58;;1.97;;Phelan
84;20;false;2023-04-16;14:32;33.787488;-118.231826;;200;false;;;;;#Los Angeles
84;20;false;2023-04-16;14:32;33.787488;-118.231826;;201;false;;2:23;;2.38;#Los Angeles
84;20;false;2023-04-16;16:55;33.9248674;-116.9521269;PU7522;201;false;2:23;;2.38;;Beaumont
84;20;false;2023-04-16;19:19;33.787488;-118.231826;;201;false;;;;;#Los Angeles
85;20;false;2023-04-16;10:00;33.787488;-118.231826;PU9441;202;true;0:00;;0.01;;#Los Angeles
85;20;false;2023-04-16;10:00;33.7820651;-118.2317765;;202;false;;3:42;;3.71;Wilmington
85;20;false;2023-04-16;13:43;33.7401376;-116.2292366;PU7467;202;false;3:42;;3.71;;Indio
85;20;false;2023-04-16;17:26;33.787488;-118.231826;;202;false;;;;;#Los Angeles
85;20;false;2023-04-16;17:26;33.787488;-118.231826;;203;false;;1:37;;1.62;#Los Angeles
85;20;false;2023-04-16;19:03;34.06412;-117.416428;PU8573;203;false;1:37;;1.62;;Bloomington
85;20;false;2023-04-16;20:41;33.787488;-118.231826;;203;false;;;;;#Los Angeles
86;40;false;2023-04-16;10:00;33.787488;-118.231826;PU8494;204;true;1:21;;1.36;;#Los Angeles
86;40;false;2023-04-16;11:21;33.7918888;-117.4966284;;204;false;;1:21;;1.36;Corona
86;40;false;2023-04-16;12:43;33.787488;-118.231826;;204;false;;;;;#Los Angeles
86;40;false;2023-04-17;10:00;33.787488;-118.231826;PU7264;205;true;1:20;;1.34;;#Los Angeles
86;40;false;2023-04-17;11:20;33.8907327;-117.5171153;;205;false;;1:20;;1.34;Corona
86;40;false;2023-04-17;12:41;33.787488;-118.231826;;205;false;;;;;#Los Angeles
86;40;false;2023-04-17;12:41;33.787488;-118.231826;PU7262;206;true;1:20;;1.34;;#Los Angeles
86;40;false;2023-04-17;14:01;33.8907327;-117.5171153;;206;false;;1:20;;1.34;Corona
86;40;false;2023-04-17;15:22;33.787488;-118.231826;;206;false;;;;;#Los Angeles
86;40;false;2023-04-17;15:22;33.787488;-118.231826;PU7035;207;true;1:45;;1.76;;#Los Angeles
86;40;false;2023-04-17;17:07;33.9265142;-117.2944683;;207;false;;1:45;;1.76;Riverside
86;40;false;2023-04-17;18:53;33.787488;-118.231826;;207;false;;;;;#Los Angeles
86;40;false;2023-04-18;10:00;33.787488;-118.231826;PU7926;208;true;0:35;;0.59;;#Los Angeles
86;40;false;2023-04-18;10:35;33.7112547;-117.9230237;;208;false;;0:35;;0.59;Santa Ana
86;40;false;2023-04-18;11:11;33.787488;-118.231826;;208;false;;;;;#Los Angeles
86;40;false;2023-04-18;11:11;33.787488;-118.231826;PU9385;209;true;1:03;;1.05;;#Los Angeles
86;40;false;2023-04-18;12:14;34.2143105;-118.4817939;;209;false;;1:03;;1.05;Van Nuys
86;40;false;2023-04-18;13:18;33.787488;-118.231826;;209;false;;;;;#Los Angeles
86;40;false;2023-04-18;13:18;33.787488;-118.231826;PU7531;210;true;2:23;;2.38;;#Los Angeles
86;40;false;2023-04-18;15:41;33.9248674;-116.9521269;;210;false;;2:23;;2.38;Beaumont
86;40;false;2023-04-18;18:04;33.787488;-118.231826;;210;false;;;;;#Los Angeles
86;40;false;2023-04-18;18:04;33.787488;-118.231826;PU9380;211;true;0:29;;0.49;;#Los Angeles
86;40;false;2023-04-18;18:34;33.9614523;-118.0622249;;211;false;;0:29;;0.49;Santa Fe Springs
86;40;false;2023-04-18;19:04;33.787488;-118.231826;;211;false;;;;;#Los Angeles
86;40;false;2023-04-18;19:04;33.787488;-118.231826;PU9081;212;true;0:46;;0.78;;#Los Angeles
86;40;false;2023-04-18;19:51;33.7342347;-117.814552;;212;false;;0:17;;0.29;Tustin
86;40;false;2023-04-18;20:08;33.6113425;-117.874271;PU7976;212;false;0:46;;0.76;;Newport Beach
86;40;false;2023-04-18;20:55;33.787488;-118.231826;;212;false;;;;;#Los Angeles
87;10;false;2023-04-16;10:00;37.824687;-122.301563;PU8286;213;true;1:04;;1.08;;#Oakland
87;10;false;2023-04-16;11:04;38.2393873;-122.6239057;;213;false;;0:37;;0.61;Petaluma
87;10;false;2023-04-16;11:41;38.2964761;-122.2776617;PU9595;213;false;1:02;;1.04;;Napa
87;10;false;2023-04-16;12:44;37.824687;-122.301563;;213;false;;;;;#Oakland
87;10;false;2023-04-16;12:44;37.824687;-122.301563;;214;false;;1:32;;1.54;#Oakland
87;10;false;2023-04-16;14:17;38.3895135;-122.8150835;PU8369;214;false;1:32;;1.54;;Sebastopol
87;10;false;2023-04-16;15:50;37.824687;-122.301563;;214;false;;;;;#Oakland
87;10;false;2023-04-16;15:50;37.824687;-122.301563;;215;false;;1:05;;1.08;#Oakland
87;10;false;2023-04-16;16:55;37.3820276;-122.0344225;PU8525;215;false;1:05;;1.08;;Sunnyvale
87;10;false;2023-04-16;18:00;37.824687;-122.301563;;215;false;;;;;#Oakland
87;10;false;2023-04-16;18:00;37.824687;-122.301563;;216;false;;1:02;;1.04;#Oakland
87;10;false;2023-04-16;19:03;38.2964761;-122.2776617;PU9567;216;false;1:02;;1.04;;Napa
87;10;false;2023-04-16;20:06;37.824687;-122.301563;;216;false;;;;;#Oakland
87;10;false;2023-04-16;20:06;37.824687;-122.301563;;217;false;;0:13;;0.22;#Oakland
87;10;false;2023-04-16;20:20;37.7685746;-122.4054034;PU8937;217;false;0:13;;0.22;;San Francisco
87;10;false;2023-04-16;20:33;37.824687;-122.301563;;217;false;;;;;#Oakland
87;10;false;2023-04-16;20:33;37.824687;-122.301563;;218;false;;0:11;;0.19;#Oakland
87;10;false;2023-04-16;20:44;37.781852;-122.205739;PU9527;218;false;0:11;;0.19;;Oakland
87;10;false;2023-04-16;20:56;37.824687;-122.301563;;218;false;;;;;#Oakland
88;20;false;2023-04-16;10:00;37.824687;-122.301563;PU7993;219;true;0:13;;0.23;;#Oakland
88;20;false;2023-04-16;10:13;37.8067224;-122.4313474;;219;false;;;;;San Francisco
88;20;false;2023-04-16;10:13;37.8067224;-122.4313474;PU8007;219;false;0:13;;0.23;;San Francisco
88;20;false;2023-04-16;10:27;37.824687;-122.301563;;219;false;;;;;#Oakland
88;20;false;2023-04-16;10:27;37.824687;-122.301563;;220;false;;1:05;;1.09;#Oakland
88;20;false;2023-04-16;11:33;38.2412795;-122.6345586;PU7718;220;false;1:05;;1.09;;Petaluma
88;20;false;2023-04-16;12:39;37.824687;-122.301563;;220;false;;;;;#Oakland
88;20;false;2023-04-16;12:39;37.824687;-122.301563;;221;false;;1:02;;1.04;#Oakland
88;20;false;2023-04-16;13:42;38.2964761;-122.2776617;PU9585;221;false;1:02;;1.04;;Napa
88;20;false;2023-04-16;14:44;37.824687;-122.301563;;221;false;;;;;#Oakland
88;20;false;2023-04-16;14:44;37.824687;-122.301563;;222;false;;0:59;;0.99;#Oakland
88;20;false;2023-04-16;15:44;37.4874747;-121.9296226;PU9251;222;false;0:59;;0.99;;Fremont
88;20;false;2023-04-16;16:44;37.824687;-122.301563;;222;false;;;;;#Oakland
88;20;false;2023-04-16;16:44;37.824687;-122.301563;;223;false;;1:07;;1.12;#Oakland
88;20;false;2023-04-16;17:52;37.4319124;-121.8953287;PU8740;223;false;1:07;;1.12;;Milpitas
88;20;false;2023-04-16;18:59;37.824687;-122.301563;;223;false;;;;;#Oakland
88;20;false;2023-04-16;18:59;37.824687;-122.301563;;224;false;;0:33;;0.55;#Oakland
88;20;false;2023-04-16;19:33;37.9719471;-122.0444574;PU9045;224;false;0:33;;0.55;;Concord
88;20;false;2023-04-16;20:06;37.824687;-122.301563;;224;false;;;;;#Oakland
88;20;false;2023-04-16;20:06;37.824687;-122.301563;;225;false;;0:21;;0.36;#Oakland
88;20;false;2023-04-16;20:28;37.7096051;-122.1550685;PU9683;225;false;0:21;;0.36;;San Leandro
88;20;false;2023-04-16;20:50;37.824687;-122.301563;;225;false;;;;;#Oakland
89;10;false;2023-04-16;10:00;33.787488;-118.231826;PU8579;226;true;1:37;;1.62;;#Los Angeles
89;10;false;2023-04-16;11:37;34.06412;-117.416428;;226;false;;1:37;;1.62;Bloomington
89;10;false;2023-04-16;13:15;33.787488;-118.231826;;226;false;;;;;#Los Angeles
89;10;false;2023-04-17;10:00;33.787488;-118.231826;PU8608;227;true;1:04;;1.08;;#Los Angeles
89;10;false;2023-04-17;11:04;34.2299116;-118.479361;;227;false;;1:04;;1.08;North Hills
89;10;false;2023-04-17;12:09;33.787488;-118.231826;;227;false;;;;;#Los Angeles
89;10;false;2023-04-17;12:09;33.787488;-118.231826;PU8389;228;true;1:01;;1.02;;#Los Angeles
89;10;false;2023-04-17;13:11;34.1780411;-118.5283379;;228;false;;1:01;;1.02;Tarzana
89;10;false;2023-04-17;14:12;33.787488;-118.231826;;228;false;;;;;#Los Angeles
89;10;false;2023-04-17;14:12;33.787488;-118.231826;PU8016;229;true;2:23;;2.38;;#Los Angeles
89;10;false;2023-04-17;16:36;33.9248674;-116.9521269;;229;false;;2:23;;2.38;Beaumont
89;10;false;2023-04-17;18:59;33.787488;-118.231826;;229;false;;;;;#Los Angeles
89;10;false;2023-04-18;10:00;33.787488;-118.231826;PU7903;230;true;1:59;;1.99;;#Los Angeles
89;10;false;2023-04-18;11:59;33.7525823;-117.1537356;;230;false;;0:32;;0.54;Menifee
89;10;false;2023-04-18;12:32;33.92947;-116.9492988;PU9019;230;false;2:23;;2.39;;Beaumont
89;10;false;2023-04-18;14:56;33.787488;-118.231826;;230;false;;;;;#Los Angeles
89;10;false;2023-04-18;14:56;33.787488;-118.231826;;231;false;;2:12;;2.20;#Los Angeles
89;10;false;2023-04-18;17:08;34.4653214;-117.3544862;PU7260;231;false;2:12;;2.20;;Victorville
89;10;false;2023-04-18;19:21;33.787488;-118.231826;;231;false;;;;;#Los Angeles
90;40;false;2023-04-16;10:00;37.805813;-121.295187;PU7325;232;true;1:10;;1.16;;#Lathrop
90;40;false;2023-04-16;11:10;37.91029109999999;-120.6449088;;232;false;;1:47;;1.78;Copperopolis
90;40;false;2023-04-16;12:57;38.62457630000001;-121.115237;PU8378;232;false;1:50;;1.84;;Folsom
90;40;false;2023-04-16;14:47;37.805813;-121.295187;;232;false;;;;;#Lathrop
90;40;false;2023-04-16;14:47;37.805813;-121.295187;;233;false;;2:41;;2.69;#Lathrop
90;40;false;2023-04-16;17:29;39.015744;-121.4164222;PU7840;233;false;2:41;;2.69;;Wheatland
90;40;false;2023-04-16;20:11;37.805813;-121.295187;;233;false;;;;;#Lathrop
90;40;false;2023-04-16;20:11;37.805813;-121.295187;;234;false;;0:17;;0.29;#Lathrop
90;40;false;2023-04-16;20:29;37.9065939;-121.1839472;PU9229;234;false;0:17;;0.29;;Stockton
90;40;false;2023-04-16;20:46;37.805813;-121.295187;;234;false;;;;;#Lathrop
91;10;false;2023-04-16;10:00;37.805813;-121.295187;PU9170;235;true;0:19;;0.32;;#Lathrop
91;10;false;2023-04-16;10:19;37.9507213;-121.3096257;;235;false;;0:25;;0.43;Stockton
91;10;false;2023-04-16;10:45;38.1443623;-121.3013475;PU9335;235;false;0:45;;0.75;;Lodi
91;10;false;2023-04-16;11:30;37.805813;-121.295187;;235;false;;;;;#Lathrop
91;10;false;2023-04-16;11:30;37.805813;-121.295187;;236;false;;1:21;;1.35;#Lathrop
91;10;false;2023-04-16;12:51;38.4117358;-121.391504;PU7027;236;false;1:21;;1.35;;Elk Grove
91;10;false;2023-04-16;14:12;37.805813;-121.295187;;236;false;;;;;#Lathrop
91;10;false;2023-04-16;14:12;37.805813;-121.295187;;237;false;;2:04;;2.07;#Lathrop
91;10;false;2023-04-16;16:17;38.6660732;-121.7658003;PU8413;237;false;2:04;;2.07;;Woodland
91;10;false;2023-04-16;18:22;37.805813;-121.295187;;237;false;;;;;#Lathrop
91;10;false;2023-04-16;18:22;37.805813;-121.295187;;238;false;;0:19;;0.32;#Lathrop
91;10;false;2023-04-16;18:41;37.9507213;-121.3096257;PU9278;238;false;0:19;;0.32;;Stockton
91;10;false;2023-04-16;19:01;37.805813;-121.295187;;238;false;;;;;#Lathrop
91;10;false;2023-04-16;19:01;37.805813;-121.295187;;239;false;;0:45;;0.75;#Lathrop
91;10;false;2023-04-16;19:46;38.1443623;-121.3013475;PU9766;239;false;0:45;;0.75;;Lodi
91;10;false;2023-04-16;20:31;37.805813;-121.295187;;239;false;;;;;#Lathrop
92;20;false;2023-04-16;10:00;37.824687;-122.301563;PU9117;240;true;0:32;;0.53;;#Oakland
92;20;false;2023-04-16;10:32;37.63197419999999;-122.1165172;;240;false;;0:05;;0.09;Hayward
92;20;false;2023-04-16;10:38;37.6684665;-122.1473061;PU9231;240;false;0:26;;0.44;;San Lorenzo
92;20;false;2023-04-16;11:04;37.824687;-122.301563;;240;false;;;;;#Oakland
92;20;false;2023-04-16;11:04;37.824687;-122.301563;;241;false;;1:47;;1.78;#Oakland
92;20;false;2023-04-16;12:51;37.048537;-122.0313967;PU7900;241;false;1:47;;1.78;;Scotts Valley
92;20;false;2023-04-16;14:39;37.824687;-122.301563;;241;false;;;;;#Oakland
92;20;false;2023-04-16;14:39;37.824687;-122.301563;;242;false;;0:47;;0.78;#Oakland
92;20;false;2023-04-16;15:26;37.4804325;-122.2032179;PU7689;242;false;0:47;;0.78;;Redwood City
92;20;false;2023-04-16;16:13;37.824687;-122.301563;;242;false;;;;;#Oakland
92;20;false;2023-04-16;16:13;37.824687;-122.301563;;243;false;;1:29;;1.48;#Oakland
92;20;false;2023-04-16;17:42;38.4132514;-122.7032193;PU9617;243;false;1:29;;1.48;;Santa Rosa
92;20;false;2023-04-16;19:11;37.824687;-122.301563;;243;false;;;;;#Oakland
92;20;false;2023-04-16;19:11;37.824687;-122.301563;;244;false;;0:23;;0.39;#Oakland
92;20;false;2023-04-16;19:35;37.9988401;-122.3502729;PU8993;244;false;0:23;;0.39;;Richmond
92;20;false;2023-04-16;19:58;37.824687;-122.301563;;244;false;;;;;#Oakland
92;20;false;2023-04-16;19:58;37.824687;-122.301563;;245;false;;0:14;;0.23;#Oakland
92;20;false;2023-04-16;20:13;37.7484349;-122.2075939;PU8730;245;false;0:14;;0.23;;Oakland
92;20;false;2023-04-16;20:27;37.824687;-122.301563;;245;false;;;;;#Oakland
92;20;false;2023-04-16;20:27;37.824687;-122.301563;;246;false;;0:14;;0.23;#Oakland
92;20;false;2023-04-16;20:41;37.7484349;-122.2075939;PU8339;246;false;0:14;;0.23;;Oakland
92;20;false;2023-04-16;20:55;37.824687;-122.301563;;246;false;;;;;#Oakland
93;10;false;2023-04-16;10:00;33.787488;-118.231826;PU8799;247;true;0:44;;0.73;;#Los Angeles
93;10;false;2023-04-16;10:44;33.6922671;-117.8502828;;247;false;;1:10;;1.17;Irvine
93;10;false;2023-04-16;11:55;33.9384322;-117.2861652;PU8272;247;false;1:46;;1.78;;Riverside
93;10;false;2023-04-16;13:41;33.787488;-118.231826;;247;false;;;;;#Los Angeles
93;10;false;2023-04-16;13:41;33.787488;-118.231826;;248;false;;1:45;;1.76;#Los Angeles
93;10;false;2023-04-16;15:27;33.9265142;-117.2944683;PU7112;248;false;1:45;;1.76;;Riverside
93;10;false;2023-04-16;17:13;33.787488;-118.231826;;248;false;;;;;#Los Angeles
93;10;false;2023-04-16;17:13;33.787488;-118.231826;;249;false;;1:09;;1.15;#Los Angeles
93;10;false;2023-04-16;18:22;33.9628228;-117.6453487;PU9366;249;false;1:09;;1.15;;Chino
93;10;false;2023-04-16;19:31;33.787488;-118.231826;;249;false;;;;;#Los Angeles
94;10;false;2023-04-16;10:00;33.787488;-118.231826;PU9082;250;true;0:46;;0.78;;#Los Angeles
94;10;false;2023-04-16;10:46;33.7342347;-117.814552;;250;false;;0:44;;0.74;Tustin
94;10;false;2023-04-16;11:31;34.0657446;-117.8890563;PU8858;250;false;0:53;;0.88;;West Covina
94;10;false;2023-04-16;12:24;33.787488;-118.231826;;250;false;;;;;#Los Angeles
94;10;false;2023-04-16;12:24;33.787488;-118.231826;;251;false;;0:21;;0.35;#Los Angeles
94;10;false;2023-04-16;12:46;33.9214264;-118.124545;PU8028;251;false;0:21;;0.35;;Downey
94;10;false;2023-04-16;13:07;33.787488;-118.231826;;251;false;;;;;#Los Angeles
94;10;false;2023-04-16;13:07;33.787488;-118.231826;;252;false;;0:54;;0.90;#Los Angeles
94;10;false;2023-04-16;14:02;34.1564161;-118.4408425;PU9202;252;false;0:54;;0.90;;Sherman Oaks
94;10;false;2023-04-16;14:56;33.787488;-118.231826;;252;false;;;;;#Los Angeles
94;10;false;2023-04-16;14:56;33.787488;-118.231826;;253;false;;1:06;;1.11;#Los Angeles
94;10;false;2023-04-16;16:03;34.0076812;-117.6915899;PU8342;253;false;1:06;;1.11;;Chino
94;10;false;2023-04-16;17:09;33.787488;-118.231826;;253;false;;;;;#Los Angeles
94;10;false;2023-04-16;17:09;33.787488;-118.231826;;254;false;;1:04;;1.07;#Los Angeles
94;10;false;2023-04-16;18:14;34.1815252;-118.5704361;PU9696;254;false;1:04;;1.07;;Woodland Hills
94;10;false;2023-04-16;19:18;33.787488;-118.231826;;254;false;;;;;#Los Angeles
94;10;false;2023-04-16;19:18;33.787488;-118.231826;;255;false;;0:38;;0.63;#Los Angeles
94;10;false;2023-04-16;19:57;33.7490154;-117.8898155;PU7987;255;false;0:38;;0.63;;Santa Ana
94;10;false;2023-04-16;20:35;33.787488;-118.231826;;255;false;;;;;#Los Angeles
95;40;false;2023-04-16;10:00;37.805813;-121.295187;PU9254;256;true;0:19;;0.32;;#Lathrop
95;40;false;2023-04-16;10:19;37.9507213;-121.3096257;;256;false;;0:08;;0.14;Stockton
95;40;false;2023-04-16;10:28;37.8999669;-121.2571;PU8154;256;false;0:13;;0.21;;Stockton
95;40;false;2023-04-16;10:41;37.805813;-121.295187;;256;false;;;;;#Lathrop
95;40;false;2023-04-16;10:41;37.805813;-121.295187;;257;false;;2:08;;2.13;#Lathrop
95;40;false;2023-04-16;12:49;38.7673558;-121.267465;PU7407;257;false;2:45;;2.76;;Roseville
95;40;false;2023-04-16;15:35;37.824687;-122.301563;;257;false;;0:50;;0.84;#Oakland
95;40;false;2023-04-16;16:25;37.52011050000001;-122.0180361;PU8703;257;false;0:50;;0.84;;Newark
95;40;false;2023-04-16;17:16;37.824687;-122.301563;;257;false;;0:21;;0.35;#Oakland
95;40;false;2023-04-16;17:37;37.6853111;-122.3976937;PU8880;257;false;0:21;;0.35;;Brisbane
95;40;false;2023-04-16;17:58;37.824687;-122.301563;;257;false;;0:14;;0.23;#Oakland
95;40;false;2023-04-16;18:12;37.7484349;-122.2075939;PU8095;257;false;0:14;;0.23;;Oakland
95;40;false;2023-04-16;18:27;37.824687;-122.301563;;257;false;;0:14;;0.23;#Oakland
95;40;false;2023-04-16;18:41;37.7484349;-122.2075939;PU8093;257;false;0:14;;0.23;;Oakland
95;40;false;2023-04-16;18:55;37.824687;-122.301563;;257;false;;0:04;;0.06;#Oakland
95;40;false;2023-04-16;18:59;37.8538105;-122.2911735;PU7205;257;false;0:04;;0.06;;Berkeley
95;40;false;2023-04-16;19:03;37.824687;-122.301563;;257;false;;1:46;;1.77;#Oakland
95;40;false;2023-04-16;20:49;37.805813;-121.295187;;257;false;;;;;#Lathrop
96;20;false;2023-04-16;10:00;33.787488;-118.231826;PU8844;258;true;0:47;;0.78;;#Los Angeles
96;20;false;2023-04-16;10:47;33.7333709;-117.8136256;;258;false;;1:02;;1.03;Tustin
96;20;false;2023-04-16;11:49;34.06412;-117.416428;PU8577;258;false;1:37;;1.62;;Bloomington
96;20;false;2023-04-16;13:27;33.787488;-118.231826;;258;false;;;;;#Los Angeles
96;20;false;2023-04-16;13:27;33.787488;-118.231826;;259;false;;1:37;;1.62;#Los Angeles
96;20;false;2023-04-16;15:04;34.06412;-117.416428;PU8586;259;false;1:37;;1.62;;Bloomington
96;20;false;2023-04-16;16:42;33.787488;-118.231826;;259;false;;;;;#Los Angeles
96;20;false;2023-04-16;16:42;33.787488;-118.231826;;260;false;;1:37;;1.62;#Los Angeles
96;20;false;2023-04-16;18:20;34.06412;-117.416428;PU8574;260;false;1:37;;1.62;;Bloomington
96;20;false;2023-04-16;19:57;33.787488;-118.231826;;260;false;;;;;#Los Angeles
96;20;false;2023-04-16;19:57;33.787488;-118.231826;;261;false;;0:12;;0.21;#Los Angeles
96;20;false;2023-04-16;20:10;33.7829399;-118.3454643;PU7864;261;false;0:12;;0.21;;Palos Verdes Estates
96;20;false;2023-04-16;20:23;33.787488;-118.231826;;261;false;;;;;#Los Angeles
97;40;false;2023-04-16;10:00;37.824687;-122.301563;PU8162;262;true;0:31;;0.52;;#Oakland
97;40;false;2023-04-16;10:31;37.9465797;-122.5576238;;262;false;;1:17;;1.28;Kentfield
97;40;false;2023-04-16;11:48;38.5101679;-122.7322982;PU8284;262;false;1:41;;1.69;;Santa Rosa
97;40;false;2023-04-16;13:30;37.824687;-122.301563;;262;false;;;;;#Oakland
97;40;false;2023-04-16;13:30;37.824687;-122.301563;;263;false;;0:21;;0.35;#Oakland
97;40;false;2023-04-16;13:52;37.7681608;-122.4929242;PU7878;263;false;0:21;;0.35;;San Francisco
97;40;false;2023-04-16;14:13;37.824687;-122.301563;;263;false;;;;;#Oakland
97;40;false;2023-04-16;14:13;37.824687;-122.301563;;264;false;;1:34;;1.57;#Oakland
97;40;false;2023-04-16;15:48;38.4038252;-122.8240147;PU7719;264;false;1:34;;1.57;;Sebastopol
97;40;false;2023-04-16;17:23;37.824687;-122.301563;;264;false;;;;;#Oakland
97;40;false;2023-04-16;17:23;37.824687;-122.301563;;265;false;;1:09;;1.15;#Oakland
97;40;false;2023-04-16;18:32;37.4069554;-121.9143787;PU8387;265;false;1:09;;1.15;;Milpitas
97;40;false;2023-04-16;19:41;37.824687;-122.301563;;265;false;;;;;#Oakland
97;40;false;2023-04-16;19:41;37.824687;-122.301563;;266;false;;0:14;;0.23;#Oakland
97;40;false;2023-04-16;19:55;37.7484349;-122.2075939;PU8829;266;false;0:14;;0.23;;Oakland
97;40;false;2023-04-16;20:10;37.824687;-122.301563;;266;false;;;;;#Oakland
97;40;false;2023-04-16;20:10;37.824687;-122.301563;;267;false;;0:13;;0.23;#Oakland
97;40;false;2023-04-16;20:23;37.8067224;-122.4313474;PU8008;267;false;0:13;;0.23;;San Francisco
97;40;false;2023-04-16;20:37;37.824687;-122.301563;;267;false;;;;;#Oakland
97;40;false;2023-04-16;20:37;37.824687;-122.301563;;268;false;;0:08;;0.14;#Oakland
97;40;false;2023-04-16;20:46;37.7788646;-122.2393318;PU8527;268;false;0:08;;0.14;;Oakland
97;40;false;2023-04-16;20:55;37.824687;-122.301563;;268;false;;;;;#Oakland
98;10;false;2023-04-16;10:00;37.805813;-121.295187;PU9725;269;true;3:05;;3.08;;#Lathrop
98;10;false;2023-04-16;13:05;39.197024;-121.268645;;269;false;;3:05;;3.08;Smartsville
98;10;false;2023-04-16;16:10;37.805813;-121.295187;;269;false;;;;;#Lathrop
98;10;false;2023-04-17;10:00;37.805813;-121.295187;PU9369;270;true;4:29;;4.49;;#Lathrop
98;10;false;2023-04-17;14:29;36.2669587;-119.6494254;;270;false;;0:48;;0.80;Hanford
98;10;false;2023-04-17;15:18;36.5814915;-119.4294724;PU9836;270;false;4:17;;4.28;;Reedley
98;10;false;2023-04-17;19:35;37.805813;-121.295187;;270;false;;;;;#Lathrop
98;10;false;2023-04-17;19:35;37.805813;-121.295187;;271;false;;0:19;;0.32;#Lathrop
98;10;false;2023-04-17;19:54;37.9507213;-121.3096257;PU9169;271;false;0:19;;0.32;;Stockton
98;10;false;2023-04-17;20:13;37.805813;-121.295187;;271;false;;;;;#Lathrop
98;10;false;2023-04-17;20:13;37.805813;-121.295187;;272;false;;0:20;;0.34;#Lathrop
98;10;false;2023-04-17;20:34;37.9609428;-121.264872;PU9156;272;false;0:20;;0.34;;Stockton
98;10;false;2023-04-17;20:55;37.805813;-121.295187;;272;false;;;;;#Lathrop
99;20;false;2023-04-16;10:00;37.805813;-121.295187;PU8515;273;true;1:32;;1.53;;#Lathrop
99;20;false;2023-04-16;11:32;37.2318159;-121.7822278;;273;false;;0:10;;0.17;San Jose
99;20;false;2023-04-16;11:42;37.2154316;-121.8799644;PU9285;273;false;1:32;;1.54;;San Jose
99;20;false;2023-04-16;13:15;37.824687;-122.301563;;273;false;;2:04;;2.07;#Oakland
99;20;false;2023-04-16;15:20;38.644405;-122.8707383;PU9232;273;false;2:04;;2.07;;Healdsburg
99;20;false;2023-04-16;17:24;37.824687;-122.301563;;273;false;;0:14;;0.24;#Oakland
99;20;false;2023-04-16;17:39;37.7456748;-122.3990296;PU7883;273;false;0:14;;0.24;;San Francisco
99;20;false;2023-04-16;17:53;37.824687;-122.301563;;273;false;;0:23;;0.39;#Oakland
99;20;false;2023-04-16;18:17;37.9988401;-122.3502729;PU8994;273;false;0:23;;0.39;;Richmond
99;20;false;2023-04-16;18:41;37.824687;-122.301563;;273;false;;0:13;;0.21;#Oakland
99;20;false;2023-04-16;18:54;37.7709064;-122.4059513;PU8934;273;false;0:13;;0.21;;San Francisco
99;20;false;2023-04-16;19:07;37.824687;-122.301563;;273;false;;1:46;;1.77;#Oakland
99;20;false;2023-04-16;20:54;37.805813;-121.295187;;273;false;;;;;#Lathrop
100;10;false;2023-04-16;10:00;33.787488;-118.231826;PU8507;274;true;1:05;;1.08;;#Los Angeles
100;10;false;2023-04-16;11:05;33.5329839;-117.7298284;;274;false;;1:13;;1.21;Laguna Nigel
100;10;false;2023-04-16;12:18;33.9384322;-117.2861652;PU7924;274;false;1:46;;1.78;;Riverside
100;10;false;2023-04-16;14:05;33.787488;-118.231826;;274;false;;;;;#Los Angeles
100;10;false;2023-04-16;14:05;33.787488;-118.231826;;275;false;;0:34;;0.58;#Los Angeles
100;10;false;2023-04-16;14:40;34.0172244;-118.3846847;PU7899;275;false;0:34;;0.58;;Culver City
100;10;false;2023-04-16;15:15;33.787488;-118.231826;;275;false;;;;;#Los Angeles
100;10;false;2023-04-16;15:15;33.787488;-118.231826;;276;false;;0:34;;0.58;#Los Angeles
100;10;false;2023-04-16;15:50;34.0172244;-118.3846847;PU7896;276;false;0:34;;0.58;;Culver City
100;10;false;2023-04-16;16:25;33.787488;-118.231826;;276;false;;;;;#Los Angeles
100;10;false;2023-04-16;16:25;33.787488;-118.231826;;277;false;;0:40;;0.67;#Los Angeles
100;10;false;2023-04-16;17:05;34.0821105;-118.1457295;PU7921;277;false;0:40;;0.67;;Alhambra
100;10;false;2023-04-16;17:45;33.787488;-118.231826;;277;false;;;;;#Los Angeles
100;10;false;2023-04-16;17:45;33.787488;-118.231826;;278;false;;1:02;;1.03;#Los Angeles
100;10;false;2023-04-16;18:48;33.5274957;-117.7689469;PU7951;278;false;1:02;;1.03;;Laguna Beach
100;10;false;2023-04-16;19:50;33.787488;-118.231826;;278;false;;;;;#Los Angeles
100;10;false;2023-04-16;19:50;33.787488;-118.231826;;279;false;;0:32;;0.53;#Los Angeles
100;10;false;2023-04-16;20:22;34.009004;-118.1193262;PU9692;279;false;0:32;;0.53;;Montebello
100;10;false;2023-04-16;20:54;33.787488;-118.231826;;279;false;;;;;#Los Angeles
100;10;false;2023-04-16;20:54;33.787488;-118.231826;;280;false;;0:00;;0.01;#Los Angeles
100;10;false;2023-04-16;20:54;33.7820651;-118.2317765;PU9728;280;false;0:00;;0.01;;Wilmington
100;10;false;2023-04-16;20:55;33.787488;-118.231826;;280;false;;;;;#Los Angeles
101;20;true;2023-04-16;18:26;33.787488;-118.231826;PU7635;281;true;5:33;;5.55;;#Los Angeles
101;20;true;2023-04-17;00:00;35.2829814;-120.6582831;;281;false;;;;;San Luis Obispo
102;40;true;2023-04-16;13:00;37.824687;-122.301563;PU7802;282;true;10:59;;10.98;;#Oakland
102;40;true;2023-04-17;00:00;33.98355770000001;-118.4588866;;282;false;;;;;Marina Del Rey
103;20;true;2023-04-17;18:28;33.787488;-118.231826;PU8919;283;true;5:31;;5.53;;#Los Angeles
103;20;true;2023-04-18;00:00;35.2523345;-120.6686924;;283;false;;;;;San Luis Obispo
104;40;true;2023-04-15;16:36;40.8855162;-123.9996511;PU7341;284;false;7:23;;7.39;;Blue Lake
104;40;true;2023-04-16;00:00;37.824687;-122.301563;;284;false;;;;;#Oakland
105;40;true;2023-04-15;12:37;34.079733;-117.9957801;PU8843;285;false;11:22;;11.37;;Irwindale
105;40;true;2023-04-16;00:00;37.824687;-122.301563;;285;false;;;;;#Oakland
106;40;true;2023-04-15;09:39;33.650582;-116.2511387;PU7813;286;false;14:20;;14.33;;La Quinta
106;40;true;2023-04-16;00:00;37.824687;-122.301563;;286;false;;;;;#Oakland